0,6,-0.09,0,0,-0.09,0,0,0,0,272.1565006,94.18429025,188.3685805,188.3685805,0,0,0,94.18429025,0,0,20.25598522,279.4546413,1
1,2.333333333,-0.09,0,0,-0.09,0,0,0,0,272.1565006,94.18429025,188.3685805,188.3685805,0,0,0,94.18429025,0,0,20.25598522,279.4546413,1
2,79,-0.14,0,0,0,-0.17,0,-0.27,0,204.1514153,53.5297262,53.5297262,53.5297262,0,0,0,0,21.5742147,0,76.07416785,223.0681843,0.5
3,97.5,0.07,0,0,-0.12,-0.17,0,-0.27,0,246.1983655,36.23374097,109.6959113,109.6959113,0,0,0,73.46217037,21.5742147,0,76.07416785,274.95614,0.5
4,91,-0.13,0,0,-0.01,-0.17,0,-0.27,0,282.1983655,56.16618515,133.0544902,133.0544902,0,0,0,76.88830503,21.5742147,0,76.07416785,298.3147188,0.5
5,95.75,0,0,0,0,-0.17,0,-0.27,0,282.1983655,0,0,0,0,0,128.7762607,0,21.5742147,128.7762607,76.07416785,298.3147188,0.5
6,96.5,-0.16,0,0,-0.01,-0.17,0,-0.27,0,294.1983655,70.82571142,147.7140164,147.7140164,0,0,0,76.88830503,21.5742147,0,76.07416785,312.9742451,0.5
7,94,-0.09,0,0,-0.01,-0.17,0,-0.27,0,330.1983655,94.18429025,171.0725953,171.0725953,0,0,0,76.88830503,21.5742147,0,76.07416785,336.3328239,0.5
8,1.25,0,0,0,-0.17,0,0,-0.15,0,220.1827154,64.9564121,86.53062679,86.53062679,0,0,0,21.5742147,0,0,84.57992612,243.0006285,0.5
9,2.25,-0.09,0,0,-0.09,0,0,0,1,272.1565006,94.18429025,188.3685805,188.3685805,0,0,0,94.18429025,0,0,20.25598522,279.4546413,1
10,4.75,-0.09,0,0,-0.09,0,0,0,0,272.1565006,94.18429025,188.3685805,188.3685805,0,0,0,94.18429025,0,0,20.25598522,279.4546413,1
11,2.5,-0.09,0,0,-0.09,0,0,0,1,272.1565006,94.18429025,188.3685805,188.3685805,0,0,0,94.18429025,0,0,20.25598522,279.4546413,1
12,5,-0.09,0,0,-0.09,0,0,0,1,272.1565006,94.18429025,188.3685805,188.3685805,0,0,0,94.18429025,0,0,20.25598522,279.4546413,1
13,5.5,-0.09,0,0,-0.09,0,0,0,0,272.1565006,94.18429025,188.3685805,188.3685805,0,0,0,94.18429025,0,0,20.25598522,279.4546413,1
14,5,-0.09,0,0,-0.09,0,0,0,1,272.1565006,94.18429025,188.3685805,188.3685805,0,0,0,94.18429025,0,0,20.25598522,279.4546413,1
15,15,-0.09,0,0,-0.09,0,0,0,0,272.1565006,94.18429025,188.3685805,188.3685805,0,0,0,94.18429025,0,0,20.25598522,279.4546413,1
16,2,0,0,0,0,0,0,0,0,248.2140155,168.7323234,168.7323234,168.7323234,0,0,0,0,0,0,32.69197045,277.5925989,0.5
17,3.5,-0.01,-0.17,0,-0.01,0,0,-0.17,1,286.1721507,76.88830503,153.7766101,153.7766101,21.5742147,0,0,76.88830503,0,0,54.84795567,296.7506265,1
18,33,-0.01,-0.17,0,-0.01,0,0,-0.17,1,286.1721507,76.88830503,153.7766101,153.7766101,21.5742147,0,0,76.88830503,0,0,54.84795567,296.7506265,1
19,11.5,-0.01,-0.17,0,-0.01,0,0,-0.17,1,286.1721507,76.88830503,153.7766101,153.7766101,21.5742147,0,0,76.88830503,0,0,54.84795567,296.7506265,1
20,1.275,-0.01,-0.17,0,-0.01,0,0,-0.17,1,286.1721507,76.88830503,153.7766101,153.7766101,21.5742147,0,0,76.88830503,0,0,54.84795567,296.7506265,1
21,1.833333333,-0.01,-0.17,0,-0.01,0,0,-0.17,1,286.1721507,76.88830503,153.7766101,153.7766101,21.5742147,0,0,76.88830503,0,0,54.84795567,296.7506265,1
22,1.666666667,-0.01,-0.17,0,-0.01,0,0,-0.17,1,286.1721507,76.88830503,153.7766101,153.7766101,21.5742147,0,0,76.88830503,0,0,54.84795567,296.7506265,1
23,2.166666667,-0.01,-0.17,0,-0.01,0,0,-0.17,1,286.1721507,76.88830503,153.7766101,153.7766101,21.5742147,0,0,76.88830503,0,0,54.84795567,296.7506265,1
24,1.75,-0.01,-0.17,0,-0.01,0,0,-0.17,1,286.1721507,76.88830503,153.7766101,153.7766101,21.5742147,0,0,76.88830503,0,0,54.84795567,296.7506265,1
25,1.25,-0.01,-0.17,0,-0.01,0,0,-0.17,1,286.1721507,76.88830503,153.7766101,153.7766101,21.5742147,0,0,76.88830503,0,0,54.84795567,296.7506265,1
26,2,-0.01,-0.17,0,-0.01,0,0,-0.17,1,286.1721507,76.88830503,153.7766101,153.7766101,21.5742147,0,0,76.88830503,0,0,54.84795567,296.7506265,1
27,1,-0.01,-0.17,0,-0.01,0,0,-0.17,1,286.1721507,76.88830503,153.7766101,153.7766101,21.5742147,0,0,76.88830503,0,0,54.84795567,296.7506265,1
28,1,-0.01,-0.17,0,-0.01,0,0,-0.17,1,286.1721507,76.88830503,153.7766101,153.7766101,21.5742147,0,0,76.88830503,0,0,54.84795567,296.7506265,1
29,0.5,-0.01,-0.17,0,-0.01,0,0,-0.17,1,286.1721507,76.88830503,153.7766101,153.7766101,21.5742147,0,0,76.88830503,0,0,54.84795567,296.7506265,1
30,1.5,-0.01,-0.17,0,-0.01,0,0,-0.17,1,286.1721507,76.88830503,153.7766101,153.7766101,21.5742147,0,0,76.88830503,0,0,54.84795567,296.7506265,1
31,1.75,-0.01,-0.17,0,-0.01,0,0,-0.17,1,286.1721507,76.88830503,153.7766101,153.7766101,21.5742147,0,0,76.88830503,0,0,54.84795567,296.7506265,1
32,1,-0.01,-0.17,0,-0.01,0,0,-0.17,0,286.1721507,76.88830503,153.7766101,153.7766101,21.5742147,0,0,76.88830503,0,0,54.84795567,296.7506265,1
33,2.5,-0.01,-0.17,0,-0.01,0,0,-0.17,1,286.1721507,76.88830503,153.7766101,153.7766101,21.5742147,0,0,76.88830503,0,0,54.84795567,296.7506265,1
34,25,-0.01,-0.17,0,-0.01,0,0,-0.17,1,286.1721507,76.88830503,153.7766101,153.7766101,21.5742147,0,0,76.88830503,0,0,54.84795567,296.7506265,1
35,11.5,-0.03,-0.17,0,-0.03,0,0,-0.17,1,314.2034508,94.18429025,188.3685805,188.3685805,21.5742147,0,0,94.18429025,0,0,54.84795567,331.3425969,1
36,23,-0.03,-0.17,0,-0.03,0,0,-0.17,1,314.2034508,94.18429025,188.3685805,188.3685805,21.5742147,0,0,94.18429025,0,0,54.84795567,331.3425969,1
37,11,-0.03,-0.17,0,-0.03,0,0,-0.17,1,398.2973512,146.0722459,292.1444918,292.1444918,21.5742147,0,0,146.0722459,0,0,54.84795567,435.1185083,1
38,8.5,0,-0.17,0,0,0,0,-0.17,1,438.234751,149.4983806,298.9967612,298.9967612,21.5742147,0,0,149.4983806,0,0,54.84795567,441.9707776,1
39,22.5,0,-0.17,0,0,0,0,-0.17,1,438.234751,149.4983806,298.9967612,298.9967612,21.5742147,0,0,149.4983806,0,0,54.84795567,441.9707776,1
40,3.166666667,0.26,-0.17,0,0.26,0,0,-0.17,0,376.1423071,102.8290606,205.6581212,205.6581212,21.5742147,0,0,102.8290606,0,0,54.84795567,348.6321376,1
41,2,0.44,0,0,-0.17,0,0,-0.15,0,366.2558803,212.9041965,234.4784112,234.4784112,0,0,0,21.5742147,0,0,84.57992612,390.9484129,0.5
42,4,0.26,-0.17,0,0.26,0,0,-0.17,0,376.1423071,102.8290606,205.6581212,205.6581212,21.5742147,0,0,102.8290606,0,0,54.84795567,348.6321376,1
43,98.5,0.07,0,0,-0.12,-0.17,0,-0.27,0,246.1983655,36.23374097,109.6959113,109.6959113,0,0,0,73.46217037,21.5742147,0,76.07416785,274.95614,0.5
44,2,0,0,0,-0.17,0,0,-0.15,0,220.1827154,64.9564121,86.53062679,86.53062679,0,0,0,21.5742147,0,0,84.57992612,243.0006285,0.5
45,97.5,0,0,0,0,-0.17,0,-0.27,0,268.1827154,0,0,0,0,0,111.4802755,0,21.5742147,111.4802755,76.07416785,281.0187336,0.5
46,1.75,-0.01,0,0,-0.01,0,0,0,0,258.1408506,76.88830503,153.7766101,153.7766101,0,0,0,76.88830503,0,0,32.69197045,258.3586561,1
47,8.5,-0.03,0,0,-0.03,0,0,0,0,286.1721507,94.18429025,188.3685805,188.3685805,0,0,0,94.18429025,0,0,32.69197045,292.9506265,1
48,3,-0.09,0,0,-0.09,0,0,0,0,394.1156198,112.3869671,224.7739342,224.7739342,0,0,0,112.3869671,0,0,32.69197045,329.3559802,1
49,2.5,-0.08,0,0,-0.08,0,0,0,0,318.1619799,102.9745172,205.9490344,205.9490344,0,0,0,102.9745172,0,0,32.69197045,310.5310804,1
50,9.5,-0.09,0,0,-0.09,0,0,0,0,314.2034508,111.4802755,222.9605509,222.9605509,0,0,0,111.4802755,0,0,32.69197045,327.5425969,1
51,97.5,0,0,-0.16,0,0,-0.16,0,0,144.0939004,0,0,0,0,36.23374097,72.46748195,0,0,36.23374097,20.25598522,163.5535427,0
52,97.5,0,0,-0.12,0,0,-0.12,0,0,204.1878008,0,0,0,0,73.46217037,146.9243407,0,0,73.46217037,20.25598522,238.0104015,0
53,97.5,0,0,-0.15,0,0,-0.15,0,0,256.2191009,0,0,0,0,95.69768187,191.3953637,0,0,95.69768187,20.25598522,282.4814245,0
54,98,0,0,-0.09,0,0,-0.09,0,0,272.1565006,0,0,0,0,94.18429025,188.3685805,0,0,94.18429025,20.25598522,279.4546413,0
55,2.5,0,0,0,-0.17,0,0,-0.15,0,192.1514153,30.36444165,51.93865635,51.93865635,0,0,0,21.5742147,0,0,84.57992612,208.408658,0.5
56,0.86,0,0,0,-0.17,0,0,-0.15,0,220.1827154,64.9564121,86.53062679,86.53062679,0,0,0,21.5742147,0,0,84.57992612,243.0006285,0.5
57,3,0.01,0,0,-0.17,0,0,-0.15,0,206.1670653,47.66042687,69.23464157,69.23464157,0,0,0,21.5742147,0,0,84.57992612,225.7046432,0.5
58,0.4,0,0,0,-0.17,0,0,-0.15,0,234.1983655,82.25239732,103.826612,103.826612,0,0,0,21.5742147,0,0,84.57992612,260.2966137,0.5
59,6.75,0.45,0,0,-0.17,0,0,-0.15,0,220.1463299,53.81419488,75.38840957,75.38840957,0,0,0,21.5742147,0,0,84.57992612,231.8584112,0.5
60,2,0.26,-0.17,0,0.26,0,0,-0.17,1,376.1423071,102.8290606,205.6581212,205.6581212,21.5742147,0,0,102.8290606,0,0,54.84795567,348.6321376,1
61,2,0.26,-0.17,0,0.26,0,0,-0.17,1,376.1423071,102.8290606,205.6581212,205.6581212,21.5742147,0,0,102.8290606,0,0,54.84795567,348.6321376,1
62,3.5,0.26,-0.17,0,0.26,0,0,-0.17,1,376.1423071,102.8290606,205.6581212,205.6581212,21.5742147,0,0,102.8290606,0,0,54.84795567,348.6321376,1
63,2.5,0.26,-0.17,0,0.26,0,0,-0.17,0,376.1423071,102.8290606,205.6581212,205.6581212,21.5742147,0,0,102.8290606,0,0,54.84795567,348.6321376,1
64,5.5,0.26,-0.17,0,0.26,0,0,-0.17,0,376.1423071,102.8290606,205.6581212,205.6581212,21.5742147,0,0,102.8290606,0,0,54.84795567,348.6321376,1
65,2,0.26,-0.17,0,0.26,0,0,-0.17,0,376.1423071,102.8290606,205.6581212,205.6581212,21.5742147,0,0,102.8290606,0,0,54.84795567,348.6321376,1
66,5.75,0.26,-0.17,0,0.26,0,0,-0.17,0,376.1423071,102.8290606,205.6581212,205.6581212,21.5742147,0,0,102.8290606,0,0,54.84795567,348.6321376,1
67,28,0.26,-0.17,0,0.26,0,0,-0.17,1,376.1423071,102.8290606,205.6581212,205.6581212,21.5742147,0,0,102.8290606,0,0,54.84795567,348.6321376,1
68,4.5,-0.2,-0.17,0,-0.2,0,0,-0.17,1,322.1533071,82.95586398,165.911728,165.911728,21.5742147,0,0,82.95586398,0,0,54.84795567,308.8857444,1
69,27.5,-0.2,-0.17,0,-0.2,0,0,-0.17,1,322.1533071,82.95586398,165.911728,165.911728,21.5742147,0,0,82.95586398,0,0,54.84795567,308.8857444,1
70,3.625,0.14,-0.17,0,0.14,0,0,-0.17,1,386.2034508,117.5428691,235.0857382,235.0857382,21.5742147,0,0,117.5428691,0,0,54.84795567,378.0597546,1
71,1,0.14,-0.17,0,0.14,0,0,-0.17,1,386.2034508,117.5428691,235.0857382,235.0857382,21.5742147,0,0,117.5428691,0,0,54.84795567,378.0597546,1
72,3.25,0.14,-0.17,0,0.14,0,0,-0.17,1,386.2034508,117.5428691,235.0857382,235.0857382,21.5742147,0,0,117.5428691,0,0,54.84795567,378.0597546,1
73,1.5,0.14,-0.17,0,0.14,0,0,-0.17,1,386.2034508,117.5428691,235.0857382,235.0857382,21.5742147,0,0,117.5428691,0,0,54.84795567,378.0597546,1
74,2,0.14,-0.17,0,0.14,0,0,-0.17,1,386.2034508,117.5428691,235.0857382,235.0857382,21.5742147,0,0,117.5428691,0,0,54.84795567,378.0597546,1
75,2.5,0.14,-0.17,0,0.14,0,0,-0.17,1,386.2034508,117.5428691,235.0857382,235.0857382,21.5742147,0,0,117.5428691,0,0,54.84795567,378.0597546,1
76,5,0.14,-0.17,0,0.14,0,0,-0.17,1,386.2034508,117.5428691,235.0857382,235.0857382,21.5742147,0,0,117.5428691,0,0,54.84795567,378.0597546,1
77,1.4,0.14,-0.17,0,0.14,0,0,-0.17,1,386.2034508,117.5428691,235.0857382,235.0857382,21.5742147,0,0,117.5428691,0,0,54.84795567,378.0597546,1
78,2.75,0.14,-0.17,0,0.14,0,0,-0.17,1,386.2034508,117.5428691,235.0857382,235.0857382,21.5742147,0,0,117.5428691,0,0,54.84795567,378.0597546,1
79,0.3,0.14,-0.17,0,0.14,0,0,-0.17,1,386.2034508,117.5428691,235.0857382,235.0857382,21.5742147,0,0,117.5428691,0,0,54.84795567,378.0597546,1
80,11,0.14,-0.17,0,0.14,0,0,-0.17,1,386.2034508,117.5428691,235.0857382,235.0857382,21.5742147,0,0,117.5428691,0,0,54.84795567,378.0597546,1
81,3,0.14,-0.17,0,0.14,0,0,-0.17,1,386.2034508,117.5428691,235.0857382,235.0857382,21.5742147,0,0,117.5428691,0,0,54.84795567,378.0597546,1
82,1,0.14,-0.17,0,0.14,0,0,-0.17,1,386.2034508,117.5428691,235.0857382,235.0857382,21.5742147,0,0,117.5428691,0,0,54.84795567,378.0597546,1
83,0.5,0.14,-0.17,0,0.14,0,0,-0.17,1,386.2034508,117.5428691,235.0857382,235.0857382,21.5742147,0,0,117.5428691,0,0,54.84795567,378.0597546,1
84,2,0.14,-0.17,0,0.14,0,0,-0.17,1,386.2034508,117.5428691,235.0857382,235.0857382,21.5742147,0,0,117.5428691,0,0,54.84795567,378.0597546,1
85,8.125,0.14,-0.17,0,0.14,0,0,-0.17,1,386.2034508,117.5428691,235.0857382,235.0857382,21.5742147,0,0,117.5428691,0,0,54.84795567,378.0597546,1
86,95,0,0,0,0,-0.17,-0.01,-0.27,0,240.1514153,0,0,0,0,0,76.88830503,0,21.5742147,76.88830503,76.07416785,246.4267631,0.5
87,11,-0.03,0,0,-0.03,0,0,0,1,286.1721507,94.18429025,188.3685805,188.3685805,0,0,0,94.18429025,0,0,32.69197045,292.9506265,1
88,98,0,0,0,0,-0.17,-0.01,-0.27,0,254.1670653,0,0,0,0,0,94.18429025,0,21.5742147,94.18429025,76.07416785,263.7227483,0.5
89,4,-0.09,0,0,-0.09,0,0,0,1,394.1156198,112.3869671,224.7739342,224.7739342,0,0,0,112.3869671,0,0,32.69197045,329.3559802,1
90,96.5,0,0,0,0,-0.17,0,-0.27,0,268.1463299,0,0,0,0,0,100.3380583,0,21.5742147,100.3380583,76.07416785,269.8765164,0.5
91,6,0.12,-0.17,0,0.12,0,0,-0.17,1,382.1255061,109.3953583,218.7907166,218.7907166,21.5742147,0,0,109.3953583,0,0,54.84795567,361.764733,1
92,24,0.12,-0.17,0,0.12,0,0,-0.17,1,382.1255061,109.3953583,218.7907166,218.7907166,21.5742147,0,0,109.3953583,0,0,54.84795567,361.764733,1
93,97.6,0,0,0,0,-0.17,-0.03,-0.27,0,254.1670653,0,0,0,0,0,94.18429025,0,21.5742147,94.18429025,76.07416785,263.7227483,0.5
94,11,-0.08,0,0,-0.08,0,0,0,1,318.1619799,102.9745172,205.9490344,205.9490344,0,0,0,102.9745172,0,0,32.69197045,310.5310804,1
95,95.5,0,0,0,0,-0.17,0,-0.27,0,296.2140155,0,0,0,0,0,146.0722459,0,21.5742147,146.0722459,76.07416785,315.610704,0.5
96,7.5,-0.09,0,0,-0.09,0,0,0,1,314.2034508,111.4802755,222.9605509,222.9605509,0,0,0,111.4802755,0,0,32.69197045,327.5425969,1
97,19.5,-0.01,0.15,0,-0.01,0.15,0,0,1,322.1533071,76.88830503,153.7766101,153.7766101,27.64177365,0,0,76.88830503,27.64177365,0,32.69197045,305.0857444,1
98,92.5,0,0,0,0,-0.17,0,-0.27,0,308.1387999,0,0,0,0,0,112.3869671,0,21.5742147,112.3869671,76.07416785,281.9254252,0.5
99,95.5,0,0,0,0,-0.17,-0.08,-0.27,0,270.1619799,0,0,0,0,0,102.9745172,0,21.5742147,102.9745172,76.07416785,272.5129753,0.5
100,5.5,0,0,0,0,0,0,0,0,248.2140155,168.7323234,168.7323234,168.7323234,0,0,0,0,0,0,32.69197045,277.5925989,0.5
101,94.5,0,0,0,0,-0.17,0,-0.27,0,308.1387999,0,0,0,0,0,112.3869671,0,21.5742147,112.3869671,76.07416785,281.9254252,0.5
102,97.5,0,0,0,0,-0.17,0,-0.27,0,268.1827154,0,0,0,0,0,111.4802755,0,21.5742147,111.4802755,76.07416785,281.0187336,0.5
103,7.5,0,0,0,0,0,0,0,0,248.2140155,168.7323234,168.7323234,168.7323234,0,0,0,0,0,0,32.69197045,277.5925989,0.5
104,5,0,0,0,0,0,0,0,1,248.2140155,168.7323234,168.7323234,168.7323234,0,0,0,0,0,0,32.69197045,277.5925989,0.5
105,5,-0.09,0,0,-0.09,0,0,0,1,356.250401,146.0722459,292.1444918,292.1444918,0,0,0,146.0722459,0,0,20.25598522,383.2305526,1
106,4.5,-0.09,0,0,-0.09,0,0,0,1,356.250401,146.0722459,292.1444918,292.1444918,0,0,0,146.0722459,0,0,20.25598522,383.2305526,1
107,7,-0.09,0,0,-0.09,0,0,0,1,356.250401,146.0722459,292.1444918,292.1444918,0,0,0,146.0722459,0,0,20.25598522,383.2305526,1
108,5,-0.09,0,0,-0.09,0,0,0,1,356.250401,146.0722459,292.1444918,292.1444918,0,0,0,146.0722459,0,0,20.25598522,383.2305526,1
109,6.5,-0.09,0,0,-0.09,0,0,0,1,356.250401,146.0722459,292.1444918,292.1444918,0,0,0,146.0722459,0,0,20.25598522,383.2305526,1
110,92.5,-0.09,0,0,-0.09,0,0,0,0,356.250401,146.0722459,292.1444918,292.1444918,0,0,0,146.0722459,0,0,20.25598522,383.2305526,1
111,93.5,-0.09,0,0,-0.09,0,0,0,0,356.250401,146.0722459,292.1444918,292.1444918,0,0,0,146.0722459,0,0,20.25598522,383.2305526,1
112,96,-0.09,0,0,-0.09,0,0,0,0,356.250401,146.0722459,292.1444918,292.1444918,0,0,0,146.0722459,0,0,20.25598522,383.2305526,1
113,91,-0.09,0,0,-0.09,0,0,0,0,356.250401,146.0722459,292.1444918,292.1444918,0,0,0,146.0722459,0,0,20.25598522,383.2305526,1
114,92,-0.09,0,0,-0.09,0,0,0,0,356.250401,146.0722459,292.1444918,292.1444918,0,0,0,146.0722459,0,0,20.25598522,383.2305526,1
115,92.5,-0.09,0,0,-0.09,0,0,0,0,356.250401,146.0722459,292.1444918,292.1444918,0,0,0,146.0722459,0,0,20.25598522,383.2305526,1
116,92,-0.09,0,0,-0.09,0,0,0,0,356.250401,146.0722459,292.1444918,292.1444918,0,0,0,146.0722459,0,0,20.25598522,383.2305526,1
117,1.5,-0.01,0,0,-0.01,0,0,0,1,258.1408506,76.88830503,153.7766101,153.7766101,0,0,0,76.88830503,0,0,32.69197045,258.3586561,1
118,0.5,-0.01,0,0,-0.01,0,0,0,0,258.1408506,76.88830503,153.7766101,153.7766101,0,0,0,76.88830503,0,0,32.69197045,258.3586561,1
119,2,-0.01,0,0,-0.01,0,0,0,0,258.1408506,76.88830503,153.7766101,153.7766101,0,0,0,76.88830503,0,0,32.69197045,258.3586561,1
120,95,0,0,0,0,-0.17,0.14,-0.27,0,290.1670653,0,0,0,0,0,117.5428691,0,21.5742147,117.5428691,76.07416785,287.0813272,0.5
121,95.5,0,0,0,0,-0.17,0.13,-0.27,0,290.1670653,0,0,0,0,0,117.5428691,0,21.5742147,117.5428691,76.07416785,287.0813272,0.5
122,69.5,0,0,0,0,-0.17,-0.09,-0.27,0,254.1670653,0,0,0,0,0,94.18429025,0,21.5742147,94.18429025,76.07416785,263.7227483,0.5
123,1,-0.01,0,0,-0.01,0,0,0,0,258.1408506,76.88830503,153.7766101,153.7766101,0,0,0,76.88830503,0,0,32.69197045,258.3586561,1
124,2,-0.01,0,0,-0.01,0,0,0,0,258.1408506,76.88830503,153.7766101,153.7766101,0,0,0,76.88830503,0,0,32.69197045,258.3586561,1
125,1.5,-0.01,0,0,-0.01,0,0,0,0,258.1408506,76.88830503,153.7766101,153.7766101,0,0,0,76.88830503,0,0,32.69197045,258.3586561,1
126,7.5,-0.01,0,0,-0.01,0,0,0,1,258.1408506,76.88830503,153.7766101,153.7766101,0,0,0,76.88830503,0,0,32.69197045,258.3586561,1
127,4,-0.01,0,0,-0.01,0,0,0,0,258.1408506,76.88830503,153.7766101,153.7766101,0,0,0,76.88830503,0,0,32.69197045,258.3586561,1
128,5.75,-0.01,0,0,-0.01,0,0,0,1,258.1408506,76.88830503,153.7766101,153.7766101,0,0,0,76.88830503,0,0,32.69197045,258.3586561,1
129,1,-0.01,0,0,-0.01,0,0,0,1,258.1408506,76.88830503,153.7766101,153.7766101,0,0,0,76.88830503,0,0,32.69197045,258.3586561,1
130,2,-0.01,0,0,-0.01,0,0,0,1,258.1408506,76.88830503,153.7766101,153.7766101,0,0,0,76.88830503,0,0,32.69197045,258.3586561,1
131,2.5,-0.01,0,0,-0.01,0,0,0,1,258.1408506,76.88830503,153.7766101,153.7766101,0,0,0,76.88830503,0,0,32.69197045,258.3586561,1
132,1,-0.01,0,0,-0.01,0,0,0,0,258.1408506,76.88830503,153.7766101,153.7766101,0,0,0,76.88830503,0,0,32.69197045,258.3586561,1
133,0.5,-0.01,0,0,-0.01,0,0,0,0,258.1408506,76.88830503,153.7766101,153.7766101,0,0,0,76.88830503,0,0,32.69197045,258.3586561,1
134,0.5,-0.01,0,0,-0.01,0,0,0,0,258.1408506,76.88830503,153.7766101,153.7766101,0,0,0,76.88830503,0,0,32.69197045,258.3586561,1
135,0.5,-0.01,0,0,-0.01,0,0,0,0,258.1408506,76.88830503,153.7766101,153.7766101,0,0,0,76.88830503,0,0,32.69197045,258.3586561,1
136,1,-0.01,0,0,-0.01,0,0,0,0,258.1408506,76.88830503,153.7766101,153.7766101,0,0,0,76.88830503,0,0,32.69197045,258.3586561,1
137,2,-0.01,0,0,-0.01,0,0,0,0,258.1408506,76.88830503,153.7766101,153.7766101,0,0,0,76.88830503,0,0,32.69197045,258.3586561,1
138,1.25,-0.01,0,0,-0.01,0,0,0,0,258.1408506,76.88830503,153.7766101,153.7766101,0,0,0,76.88830503,0,0,32.69197045,258.3586561,1
139,1,-0.01,0,0,-0.01,0,0,0,0,258.1408506,76.88830503,153.7766101,153.7766101,0,0,0,76.88830503,0,0,32.69197045,258.3586561,1
140,1,-0.01,0,0,-0.01,0,0,0,0,258.1408506,76.88830503,153.7766101,153.7766101,0,0,0,76.88830503,0,0,32.69197045,258.3586561,1
141,99,-0.01,0,0,-0.01,0,0,0,0,258.1408506,76.88830503,153.7766101,153.7766101,0,0,0,76.88830503,0,0,32.69197045,258.3586561,1
142,2.5,-0.01,0,0,-0.01,0,0,0,0,258.1408506,76.88830503,153.7766101,153.7766101,0,0,0,76.88830503,0,0,32.69197045,258.3586561,1
143,21.5,-0.01,0,0,-0.01,0,0,0,1,258.1408506,76.88830503,153.7766101,153.7766101,0,0,0,76.88830503,0,0,32.69197045,258.3586561,1
144,1.5,-0.01,0,0,-0.01,0,0,0,1,258.1408506,76.88830503,153.7766101,153.7766101,0,0,0,76.88830503,0,0,32.69197045,258.3586561,1
145,2,-0.01,0,0,-0.01,0,0,0,1,258.1408506,76.88830503,153.7766101,153.7766101,0,0,0,76.88830503,0,0,32.69197045,258.3586561,1
146,0.5,-0.01,0,0,-0.01,0,0,0,1,258.1408506,76.88830503,153.7766101,153.7766101,0,0,0,76.88830503,0,0,32.69197045,258.3586561,1
147,1,-0.01,0,0,-0.01,0,0,0,1,258.1408506,76.88830503,153.7766101,153.7766101,0,0,0,76.88830503,0,0,32.69197045,258.3586561,1
148,6.25,-0.01,0,0,-0.01,0,0,0,1,258.1408506,76.88830503,153.7766101,153.7766101,0,0,0,76.88830503,0,0,32.69197045,258.3586561,1
149,1.75,-0.01,0,0,-0.01,0,0,0,1,258.1408506,76.88830503,153.7766101,153.7766101,0,0,0,76.88830503,0,0,32.69197045,258.3586561,1
150,1,-0.01,0,0,-0.01,0,0,0,1,258.1408506,76.88830503,153.7766101,153.7766101,0,0,0,76.88830503,0,0,32.69197045,258.3586561,1
151,2,-0.01,0,0,-0.01,0,0,0,1,258.1408506,76.88830503,153.7766101,153.7766101,0,0,0,76.88830503,0,0,32.69197045,258.3586561,1
152,1,-0.01,0,0,-0.01,0,0,0,0,258.1408506,76.88830503,153.7766101,153.7766101,0,0,0,76.88830503,0,0,32.69197045,258.3586561,1
153,2,-0.01,0,0,-0.01,0,0,0,1,258.1408506,76.88830503,153.7766101,153.7766101,0,0,0,76.88830503,0,0,32.69197045,258.3586561,1
154,1,-0.01,0,0,-0.01,0,0,0,1,258.1408506,76.88830503,153.7766101,153.7766101,0,0,0,76.88830503,0,0,32.69197045,258.3586561,1
155,1,-0.01,0,0,-0.01,0,0,0,1,258.1408506,76.88830503,153.7766101,153.7766101,0,0,0,76.88830503,0,0,32.69197045,258.3586561,1
156,1,-0.01,0,0,-0.01,0,0,0,1,258.1408506,76.88830503,153.7766101,153.7766101,0,0,0,76.88830503,0,0,32.69197045,258.3586561,1
157,15,-0.01,0,0,-0.01,0,0,0,1,258.1408506,76.88830503,153.7766101,153.7766101,0,0,0,76.88830503,0,0,32.69197045,258.3586561,1
158,0.5,-0.01,0,0,-0.01,0,0,0,0,258.1408506,76.88830503,153.7766101,153.7766101,0,0,0,76.88830503,0,0,32.69197045,258.3586561,1
159,1,-0.01,0,0,-0.01,0,0,0,0,258.1408506,76.88830503,153.7766101,153.7766101,0,0,0,76.88830503,0,0,32.69197045,258.3586561,1
160,2,-0.01,0,0,-0.01,0,0,0,0,258.1408506,76.88830503,153.7766101,153.7766101,0,0,0,76.88830503,0,0,32.69197045,258.3586561,1
161,1.5,-0.01,0,0,-0.01,0,0,0,0,258.1408506,76.88830503,153.7766101,153.7766101,0,0,0,76.88830503,0,0,32.69197045,258.3586561,1
162,0.5,-0.01,0,0,-0.01,0,0,0,0,258.1408506,76.88830503,153.7766101,153.7766101,0,0,0,76.88830503,0,0,32.69197045,258.3586561,1
163,1,-0.01,0,0,-0.01,0,0,0,0,258.1408506,76.88830503,153.7766101,153.7766101,0,0,0,76.88830503,0,0,32.69197045,258.3586561,1
164,1.5,-0.01,0,0,-0.01,0,0,0,0,258.1408506,76.88830503,153.7766101,153.7766101,0,0,0,76.88830503,0,0,32.69197045,258.3586561,1
165,0.5,-0.01,0,0,-0.01,0,0,0,0,258.1408506,76.88830503,153.7766101,153.7766101,0,0,0,76.88830503,0,0,32.69197045,258.3586561,1
166,0.5,-0.01,0,0,-0.01,0,0,0,0,258.1408506,76.88830503,153.7766101,153.7766101,0,0,0,76.88830503,0,0,32.69197045,258.3586561,1
167,15.5,-0.01,0,0,-0.01,0,0,0,0,258.1408506,76.88830503,153.7766101,153.7766101,0,0,0,76.88830503,0,0,32.69197045,258.3586561,1
168,24,-0.01,0,0,-0.01,0,0,0,1,258.1408506,76.88830503,153.7766101,153.7766101,0,0,0,76.88830503,0,0,32.69197045,258.3586561,1
169,96,0.04,0,0,0,0,0,0,1,374.1518092,126.4242704,252.8485409,252.8485409,0,0,0,126.4242704,0,0,32.69197045,357.4305869,1
170,91.5,0,0,0,0,0,0,0,1,438.2042387,155.1469416,310.2938831,310.2938831,0,0,0,155.1469416,0,0,32.69197045,414.8759291,1
171,0.5,-0.09,0,0,-0.09,0,0,0,1,286.1721507,94.18429025,188.3685805,188.3685805,0,0,0,94.18429025,0,0,32.69197045,292.9506265,1
172,0.5,-0.09,0,0,-0.09,0,0,0,1,286.1721507,94.18429025,188.3685805,188.3685805,0,0,0,94.18429025,0,0,32.69197045,292.9506265,1
173,3.5,-0.09,0,0,-0.09,0,0,0,1,286.1721507,94.18429025,188.3685805,188.3685805,0,0,0,94.18429025,0,0,32.69197045,292.9506265,1
174,2.5,-0.09,0,0,-0.09,0,0,0,1,286.1721507,94.18429025,188.3685805,188.3685805,0,0,0,94.18429025,0,0,32.69197045,292.9506265,1
175,2.5,-0.09,0,0,-0.09,0,0,0,1,286.1721507,94.18429025,188.3685805,188.3685805,0,0,0,94.18429025,0,0,32.69197045,292.9506265,1
176,2,-0.09,0,0,-0.09,0,0,0,1,286.1721507,94.18429025,188.3685805,188.3685805,0,0,0,94.18429025,0,0,32.69197045,292.9506265,1
177,3.5,-0.09,0,0,-0.09,0,0,0,1,286.1721507,94.18429025,188.3685805,188.3685805,0,0,0,94.18429025,0,0,32.69197045,292.9506265,1
178,1.5,-0.09,0,0,-0.09,0,0,0,1,286.1721507,94.18429025,188.3685805,188.3685805,0,0,0,94.18429025,0,0,32.69197045,292.9506265,1
179,1,-0.09,0,0,-0.09,0,0,0,1,286.1721507,94.18429025,188.3685805,188.3685805,0,0,0,94.18429025,0,0,32.69197045,292.9506265,1
180,7,-0.09,0,0,-0.09,0,0,0,0,286.1721507,94.18429025,188.3685805,188.3685805,0,0,0,94.18429025,0,0,32.69197045,292.9506265,1
181,4.2,-0.09,0,0,-0.09,0,0,0,1,286.1721507,94.18429025,188.3685805,188.3685805,0,0,0,94.18429025,0,0,32.69197045,292.9506265,1
182,6.5,-0.09,0,0,-0.09,0,0,0,0,286.1721507,94.18429025,188.3685805,188.3685805,0,0,0,94.18429025,0,0,32.69197045,292.9506265,1
183,2.5,-0.09,0,0,-0.09,0,0,0,1,286.1721507,94.18429025,188.3685805,188.3685805,0,0,0,94.18429025,0,0,32.69197045,292.9506265,1
184,17.5,-0.09,0,0,-0.09,0,0,0,0,286.1721507,94.18429025,188.3685805,188.3685805,0,0,0,94.18429025,0,0,32.69197045,292.9506265,1
185,4,-0.09,0,0,-0.09,0,0,0,0,286.1721507,94.18429025,188.3685805,188.3685805,0,0,0,94.18429025,0,0,32.69197045,292.9506265,1
186,95,0,0,-0.09,0,-0.09,-0.09,0,1,286.1721507,0,0,0,0,94.18429025,188.3685805,0,0,94.18429025,32.69197045,292.9506265,0
187,94.5,0,0,-0.09,0,-0.09,-0.09,0,1,286.1721507,0,0,0,0,94.18429025,188.3685805,0,0,94.18429025,32.69197045,292.9506265,0
188,93.5,0,0,-0.09,0,-0.09,-0.09,0,1,286.1721507,0,0,0,0,94.18429025,188.3685805,0,0,94.18429025,32.69197045,292.9506265,0
189,96,0,0,-0.09,0,-0.09,-0.09,0,1,286.1721507,0,0,0,0,94.18429025,188.3685805,0,0,94.18429025,32.69197045,292.9506265,0
190,94.5,0,0,-0.09,0,-0.09,-0.09,0,1,286.1721507,0,0,0,0,94.18429025,188.3685805,0,0,94.18429025,32.69197045,292.9506265,0
191,92.5,0,0,-0.09,0,-0.09,-0.09,0,1,286.1721507,0,0,0,0,94.18429025,188.3685805,0,0,94.18429025,32.69197045,292.9506265,0
192,96,0,0,-0.09,0,-0.09,-0.09,0,1,286.1721507,0,0,0,0,94.18429025,188.3685805,0,0,94.18429025,32.69197045,292.9506265,0
193,93.5,0,0,-0.09,0,-0.09,-0.09,0,1,286.1721507,0,0,0,0,94.18429025,188.3685805,0,0,94.18429025,32.69197045,292.9506265,0
194,93,0,0,-0.09,0,-0.09,-0.09,0,1,286.1721507,0,0,0,0,94.18429025,188.3685805,0,0,94.18429025,32.69197045,292.9506265,0
195,90,0,0,-0.09,0,-0.09,-0.09,0,1,286.1721507,0,0,0,0,94.18429025,188.3685805,0,0,94.18429025,32.69197045,292.9506265,0
196,0.5,-0.01,-0.17,0,-0.01,-0.17,0,0,0,286.1721507,76.88830503,153.7766101,153.7766101,21.5742147,0,0,76.88830503,21.5742147,0,32.69197045,292.9506265,1
197,16.5,-0.01,-0.17,0,-0.01,-0.17,0,0,1,286.1721507,76.88830503,153.7766101,153.7766101,21.5742147,0,0,76.88830503,21.5742147,0,32.69197045,292.9506265,1
198,24,-0.01,-0.17,0,-0.01,-0.17,0,0,1,286.1721507,76.88830503,153.7766101,153.7766101,21.5742147,0,0,76.88830503,21.5742147,0,32.69197045,292.9506265,1
199,1,-0.01,-0.17,0,-0.01,-0.17,0,0,0,286.1721507,76.88830503,153.7766101,153.7766101,21.5742147,0,0,76.88830503,21.5742147,0,32.69197045,292.9506265,1
200,1,-0.01,-0.17,0,-0.01,-0.17,0,0,0,286.1721507,76.88830503,153.7766101,153.7766101,21.5742147,0,0,76.88830503,21.5742147,0,32.69197045,292.9506265,1
201,2.5,-0.01,-0.17,0,-0.01,-0.17,0,0,0,286.1721507,76.88830503,153.7766101,153.7766101,21.5742147,0,0,76.88830503,21.5742147,0,32.69197045,292.9506265,1
202,0.5,-0.01,-0.17,0,-0.01,-0.17,0,0,0,286.1721507,76.88830503,153.7766101,153.7766101,21.5742147,0,0,76.88830503,21.5742147,0,32.69197045,292.9506265,1
203,0.5,-0.01,-0.17,0,-0.01,-0.17,0,0,0,286.1721507,76.88830503,153.7766101,153.7766101,21.5742147,0,0,76.88830503,21.5742147,0,32.69197045,292.9506265,1
204,0.5,-0.01,-0.17,0,-0.01,-0.17,0,0,0,286.1721507,76.88830503,153.7766101,153.7766101,21.5742147,0,0,76.88830503,21.5742147,0,32.69197045,292.9506265,1
205,1,0,-0.17,0,0,-0.17,0,0,0,346.1932801,102.9745172,205.9490344,205.9490344,21.5742147,0,0,102.9745172,21.5742147,0,32.69197045,345.1230509,1
206,2,0,-0.17,0,0,-0.17,0,0,0,558.1216892,147.8856292,295.7712584,295.7712584,21.5742147,0,0,147.8856292,21.5742147,0,32.69197045,434.9452748,1
207,2.5,0,-0.17,0,0,-0.17,0,0,1,558.1216892,147.8856292,295.7712584,295.7712584,21.5742147,0,0,147.8856292,21.5742147,0,32.69197045,434.9452748,1
208,1.5,0,0,0,0,-0.17,0,-0.27,0,268.1827154,0,111.4802755,111.4802755,0,0,0,111.4802755,21.5742147,0,76.07416785,281.0187336,0.5
209,1.5,0,-0.17,0,0,-0.17,0,0,1,558.1216892,147.8856292,295.7712584,295.7712584,21.5742147,0,0,147.8856292,21.5742147,0,32.69197045,434.9452748,1
210,4,0,-0.17,0,0,-0.17,0,0,0,558.1216892,147.8856292,295.7712584,295.7712584,21.5742147,0,0,147.8856292,21.5742147,0,32.69197045,434.9452748,1
211,25.5,0,0,0,0,-0.17,0,0,1,466.2355388,155.1469416,310.2938831,310.2938831,21.5742147,0,0,155.1469416,21.5742147,0,32.69197045,449.4678996,1
212,1,-0.17,0,0,0,0,0,0,0,150.1044651,64.9564121,64.9564121,64.9564121,0,0,0,0,0,0,20.25598522,160.3207023,0.5
213,16.5,-0.01,0,0,-0.01,0,0,0,1,318.1619799,76.88830503,153.7766101,153.7766101,30.36444165,0,0,76.88830503,30.36444165,0,32.69197045,310.5310804,1
214,21.5,-0.01,0,0,-0.01,0,0,0,1,346.1932801,76.88830503,153.7766101,153.7766101,47.66042687,0,0,76.88830503,47.66042687,0,32.69197045,345.1230509,1
215,12.75,-0.01,0.45,0,-0.01,0.45,0,0,1,374.1518092,76.88830503,153.7766101,153.7766101,53.81419488,0,0,76.88830503,53.81419488,0,32.69197045,357.4305869,1
216,13.5,-0.01,0.45,0,-0.01,0.45,0,0,1,402.1831093,94.18429025,188.3685805,188.3685805,53.81419488,0,0,94.18429025,53.81419488,0,32.69197045,392.0225573,1
217,7.625,0,0.45,0,0,0.45,0,0,1,510.1265784,112.3869671,224.7739342,224.7739342,53.81419488,0,0,112.3869671,53.81419488,0,32.69197045,428.427911,1
218,12.5,0,0.45,0,0,0.45,0,0,1,434.1729386,102.9745172,205.9490344,205.9490344,53.81419488,0,0,102.9745172,53.81419488,0,32.69197045,409.6030112,1
219,14.75,-0.09,0.45,0,-0.09,0.45,0,0,1,430.2144094,111.4802755,222.9605509,222.9605509,53.81419488,0,0,111.4802755,53.81419488,0,32.69197045,426.6145278,1
220,6.25,0,0.45,0,0,0.45,0,0,1,646.1013477,147.8856292,295.7712584,295.7712584,53.81419488,0,0,147.8856292,53.81419488,0,32.69197045,499.4252352,1
221,14,0,0.45,0,0,0.45,0,0,1,554.2151973,155.1469416,310.2938831,310.2938831,53.81419488,0,0,155.1469416,53.81419488,0,32.69197045,513.9478599,1
222,2,0,0,0,0,0,0,0,0,164.1201151,82.25239732,82.25239732,82.25239732,0,0,0,0,0,0,20.25598522,177.6166876,0.5
223,2,0,0,0,0,0,0,0,0,270.1619799,180.948685,180.948685,180.948685,0,0,0,0,0,0,20.25598522,276.3129753,0.5
224,2.5,-0.14,0,0,0,0,0,0,0,164.1201151,64.9564121,64.9564121,64.9564121,0,0,0,0,0,0,32.69197045,173.8166876,0.5
225,6,0,0,0,0,0,0,0,0,270.1619799,163.6526998,163.6526998,163.6526998,0,0,0,0,0,0,32.69197045,272.5129753,0.5
226,2,0,0,0,0,0,0,0,0,248.2140155,168.7323234,168.7323234,168.7323234,0,0,0,0,0,0,32.69197045,277.5925989,0.5
227,95,0,0,0,0,-0.17,-0.03,-0.27,0,254.1670653,0,0,0,0,0,94.18429025,0,21.5742147,94.18429025,76.07416785,263.7227483,0.5
228,91.5,0,0,0,0,-0.17,0,-0.27,0,296.2140155,0,0,0,0,0,146.0722459,0,21.5742147,146.0722459,76.07416785,315.610704,0.5
229,15,0,0,0,0,-0.17,0,-0.27,1,296.2140155,0,0,0,0,0,146.0722459,0,21.5742147,146.0722459,76.07416785,315.610704,0.5
230,1.5,0,0,0,0,0,0,0,0,270.1619799,180.948685,180.948685,180.948685,0,0,0,0,0,0,20.25598522,276.3129753,0.5
231,0.5,-0.01,-0.17,0,-0.01,-0.17,0,0,0,286.1721507,76.88830503,153.7766101,153.7766101,21.5742147,0,0,76.88830503,21.5742147,0,32.69197045,292.9506265,1
232,1,0,-0.17,0,0,-0.17,0,0,0,558.1216892,147.8856292,295.7712584,295.7712584,21.5742147,0,0,147.8856292,21.5742147,0,32.69197045,434.9452748,1
233,3,0,0,0,0,0,0,0,0,270.1619799,180.948685,180.948685,180.948685,0,0,0,0,0,0,20.25598522,276.3129753,0.5
234,7,0,0,0,0,0,0,0,1,270.1619799,180.948685,180.948685,180.948685,0,0,0,0,0,0,20.25598522,276.3129753,0.5
235,4.5,-0.01,-0.17,0,-0.01,0,0,-0.17,0,286.1721507,76.88830503,153.7766101,153.7766101,21.5742147,0,0,76.88830503,0,0,54.84795567,296.7506265,1
236,93.5,0,0,0,0,-0.17,-0.08,-0.27,0,270.1619799,0,0,0,0,0,102.9745172,0,21.5742147,102.9745172,76.07416785,272.5129753,0.5
237,3.222222222,0.26,-0.17,0,0.26,0,0,-0.17,0,376.1423071,102.8290606,205.6581212,205.6581212,21.5742147,0,0,102.8290606,0,0,54.84795567,348.6321376,1
238,98,0,0,0,0,-0.17,0,-0.27,0,268.1827154,0,0,0,0,0,111.4802755,0,21.5742147,111.4802755,76.07416785,281.0187336,0.5
239,96.5,0,0,0,0,-0.17,0,-0.27,0,268.1827154,0,0,0,0,0,111.4802755,0,21.5742147,111.4802755,76.07416785,281.0187336,0.5
240,92.5,0,0,0,0,-0.17,0,-0.27,0,268.1827154,0,0,0,0,0,111.4802755,0,21.5742147,111.4802755,76.07416785,281.0187336,0.5
241,95,0,0,0,0,-0.17,0,-0.27,1,268.1827154,0,0,0,0,0,111.4802755,0,21.5742147,111.4802755,76.07416785,281.0187336,0.5
242,98.5,0,0,0,0,-0.17,0,-0.27,0,300.1725446,0,0,0,0,0,129.0607294,0,21.5742147,129.0607294,76.07416785,298.5991875,0.5
243,85.5,0,0,0,0,-0.17,0,-0.27,0,300.1725446,0,0,0,0,0,129.0607294,0,21.5742147,129.0607294,76.07416785,298.5991875,0.5
244,93,0,0,0,0,-0.17,0,-0.27,0,300.1725446,0,0,0,0,0,129.0607294,0,21.5742147,129.0607294,76.07416785,298.5991875,0.5
245,95,0,0,-0.16,0,0,-0.16,0,0,144.0939004,0,0,0,0,36.23374097,72.46748195,0,0,36.23374097,20.25598522,163.5535427,0
246,98.5,0.07,0,0,-0.12,-0.17,0,-0.27,0,246.1983655,36.23374097,109.6959113,109.6959113,0,0,0,73.46217037,21.5742147,0,76.07416785,274.95614,0.5
247,10,0.44,0,0,-0.17,0,0,-0.15,0,332.17763,149.7828493,171.357064,171.357064,0,0,0,21.5742147,0,0,84.57992612,327.8270656,0.5
248,95,0.07,0,0,-0.12,-0.17,0,-0.27,1,246.1983655,36.23374097,109.6959113,109.6959113,0,0,0,73.46217037,21.5742147,0,76.07416785,274.95614,0.5
249,94.5,0.07,0,0,-0.12,-0.17,0,-0.27,1,246.1983655,36.23374097,109.6959113,109.6959113,0,0,0,73.46217037,21.5742147,0,76.07416785,274.95614,0.5
250,94,0.07,0,0,-0.12,-0.17,0,-0.27,1,246.1983655,36.23374097,109.6959113,109.6959113,0,0,0,73.46217037,21.5742147,0,76.07416785,274.95614,0.5
251,95.5,0.07,0,0,-0.12,-0.17,0,-0.27,0,246.1983655,36.23374097,109.6959113,109.6959113,0,0,0,73.46217037,21.5742147,0,76.07416785,274.95614,0.5
252,4.5,-0.09,0,0,-0.12,-0.17,0,-0.27,1,310.2296656,94.18429025,167.6464606,167.6464606,0,0,0,73.46217037,21.5742147,0,76.07416785,332.9066892,0.5
253,1,-0.09,0,0,-0.12,-0.17,0,-0.27,0,310.2296656,94.18429025,167.6464606,167.6464606,0,0,0,73.46217037,21.5742147,0,76.07416785,332.9066892,0.5
254,98,0.07,0,0,-0.12,-0.17,0,-0.27,0,246.1983655,36.23374097,109.6959113,109.6959113,0,0,0,73.46217037,21.5742147,0,76.07416785,274.95614,0.5
255,1,0,0,0,-0.17,0,0,-0.15,0,220.1827154,64.9564121,86.53062679,86.53062679,0,0,0,21.5742147,0,0,84.57992612,243.0006285,0.5
256,98.5,0.07,0,0,-0.12,-0.17,0,-0.27,0,246.1983655,36.23374097,109.6959113,109.6959113,0,0,0,73.46217037,21.5742147,0,76.07416785,274.95614,0.5
257,3,0,0,0.07,0,-0.17,-0.12,-0.27,0,246.1983655,0,0,0,0,36.23374097,109.6959113,0,21.5742147,73.46217037,76.07416785,274.95614,0.5
258,2.5,0,0,0.07,0,-0.17,-0.12,-0.27,0,246.1983655,0,0,0,0,36.23374097,109.6959113,0,21.5742147,73.46217037,76.07416785,274.95614,0.5
259,99,0,0,0,0,-0.17,0,-0.27,0,268.1827154,0,0,0,0,0,111.4802755,0,21.5742147,111.4802755,76.07416785,281.0187336,0.5
260,2.5,0,0,0.07,0,-0.17,-0.12,-0.27,0,246.1983655,0,0,0,0,36.23374097,109.6959113,0,21.5742147,73.46217037,76.07416785,274.95614,0.5
261,5,0,0,0.07,0,-0.17,-0.12,-0.27,0,246.1983655,0,0,0,0,36.23374097,109.6959113,0,21.5742147,73.46217037,76.07416785,274.95614,0.5
262,91.5,0,0,0.07,0,-0.17,-0.12,-0.27,1,246.1983655,0,0,0,0,36.23374097,109.6959113,0,21.5742147,73.46217037,76.07416785,274.95614,0.5
263,90,0,0,0.07,0,-0.17,-0.12,-0.27,0,246.1983655,0,0,0,0,36.23374097,109.6959113,0,21.5742147,73.46217037,76.07416785,274.95614,0.5
264,94.5,0,0,-0.12,0,0,-0.12,0,0,204.1878008,0,0,0,0,73.46217037,146.9243407,0,0,73.46217037,20.25598522,238.0104015,0
265,0.4,0,0,0,-0.17,0,0,-0.15,0,220.1827154,64.9564121,86.53062679,86.53062679,0,0,0,21.5742147,0,0,84.57992612,243.0006285,0.5
266,96.5,0,0,-0.09,0,-0.17,-0.12,-0.27,1,310.2296656,0,0,0,0,94.18429025,167.6464606,0,21.5742147,73.46217037,76.07416785,332.9066892,0.5
267,94.5,0,0,-0.09,0,-0.17,-0.12,-0.27,1,310.2296656,0,0,0,0,94.18429025,167.6464606,0,21.5742147,73.46217037,76.07416785,332.9066892,0.5
268,95.5,0,0,-0.09,0,-0.17,-0.12,-0.27,1,310.2296656,0,0,0,0,94.18429025,167.6464606,0,21.5742147,73.46217037,76.07416785,332.9066892,0.5
269,96,0,0,-0.09,0,-0.17,-0.12,-0.27,1,310.2296656,0,0,0,0,94.18429025,167.6464606,0,21.5742147,73.46217037,76.07416785,332.9066892,0.5
270,96.5,0,0,-0.09,0,-0.17,-0.12,-0.27,1,310.2296656,0,0,0,0,94.18429025,167.6464606,0,21.5742147,73.46217037,76.07416785,332.9066892,0.5
271,95.5,0,0,-0.09,0,-0.17,-0.12,-0.27,1,310.2296656,0,0,0,0,94.18429025,167.6464606,0,21.5742147,73.46217037,76.07416785,332.9066892,0.5
272,96.5,0,0,-0.09,0,-0.17,-0.12,-0.27,1,310.2296656,0,0,0,0,94.18429025,167.6464606,0,21.5742147,73.46217037,76.07416785,332.9066892,0.5
273,95.5,0,0,-0.09,0,-0.17,-0.12,-0.27,1,310.2296656,0,0,0,0,94.18429025,167.6464606,0,21.5742147,73.46217037,76.07416785,332.9066892,0.5
274,95,0,0,-0.09,0,-0.17,-0.12,-0.27,1,310.2296656,0,0,0,0,94.18429025,167.6464606,0,21.5742147,73.46217037,76.07416785,332.9066892,0.5
275,95.5,0,0,-0.09,0,-0.17,-0.12,-0.27,1,310.2296656,0,0,0,0,94.18429025,167.6464606,0,21.5742147,73.46217037,76.07416785,332.9066892,0.5
276,96,0,0,-0.09,0,-0.17,-0.12,-0.27,1,310.2296656,0,0,0,0,94.18429025,167.6464606,0,21.5742147,73.46217037,76.07416785,332.9066892,0.5
277,95,0,0,-0.09,0,-0.17,-0.12,-0.27,1,310.2296656,0,0,0,0,94.18429025,167.6464606,0,21.5742147,73.46217037,76.07416785,332.9066892,0.5
278,96.5,0,0,-0.09,0,-0.17,-0.12,-0.27,1,310.2296656,0,0,0,0,94.18429025,167.6464606,0,21.5742147,73.46217037,76.07416785,332.9066892,0.5
279,96,0,0,-0.09,0,-0.17,-0.12,-0.27,1,310.2296656,0,0,0,0,94.18429025,167.6464606,0,21.5742147,73.46217037,76.07416785,332.9066892,0.5
280,96,0,0,-0.09,0,-0.17,-0.12,-0.27,1,310.2296656,0,0,0,0,94.18429025,167.6464606,0,21.5742147,73.46217037,76.07416785,332.9066892,0.5
281,96.25,0,0,-0.09,0,-0.17,-0.12,-0.27,1,310.2296656,0,0,0,0,94.18429025,167.6464606,0,21.5742147,73.46217037,76.07416785,332.9066892,0.5
282,96,0,0,-0.09,0,-0.17,-0.12,-0.27,1,310.2296656,0,0,0,0,94.18429025,167.6464606,0,21.5742147,73.46217037,76.07416785,332.9066892,0.5
283,96,0,0,-0.09,0,-0.17,-0.12,-0.27,1,310.2296656,0,0,0,0,94.18429025,167.6464606,0,21.5742147,73.46217037,76.07416785,332.9066892,0.5
284,97,0,0,-0.09,0,-0.17,-0.12,-0.27,1,310.2296656,0,0,0,0,94.18429025,167.6464606,0,21.5742147,73.46217037,76.07416785,332.9066892,0.5
285,96.5,0,0,-0.09,0,-0.17,-0.12,-0.27,1,310.2296656,0,0,0,0,94.18429025,167.6464606,0,21.5742147,73.46217037,76.07416785,332.9066892,0.5
286,95.5,0,0,-0.09,0,-0.17,-0.12,-0.27,1,310.2296656,0,0,0,0,94.18429025,167.6464606,0,21.5742147,73.46217037,76.07416785,332.9066892,0.5
287,74,0,0,-0.16,0,-0.17,-0.01,-0.27,1,266.1670653,0,0,0,0,36.23374097,113.122046,0,21.5742147,76.88830503,76.07416785,278.3822746,0.5
288,59.5,0,0,-0.16,0,-0.17,-0.01,-0.27,1,266.1670653,0,0,0,0,36.23374097,113.122046,0,21.5742147,76.88830503,76.07416785,278.3822746,0.5
289,95.5,0,0,-0.16,0,-0.17,-0.01,-0.27,1,266.1670653,0,0,0,0,36.23374097,113.122046,0,21.5742147,76.88830503,76.07416785,278.3822746,0.5
290,80,0,0,-0.09,0,-0.17,-0.01,-0.27,1,330.1983655,0,0,0,0,94.18429025,171.0725953,0,21.5742147,76.88830503,76.07416785,336.3328239,0.5
291,0.5,-0.09,0,0,-0.09,0,0,0,0,272.1565006,94.18429025,188.3685805,188.3685805,0,0,0,94.18429025,0,0,20.25598522,279.4546413,1
292,0.3,0,0,0,-0.17,0,0,-0.15,1,220.1827154,64.9564121,86.53062679,86.53062679,0,0,0,21.5742147,0,0,84.57992612,243.0006285,0.5
293,13,0,0,0,-0.17,0,0,-0.15,0,220.1827154,64.9564121,86.53062679,86.53062679,0,0,0,21.5742147,0,0,84.57992612,243.0006285,0.5
294,98.25,0,0,0,0,-0.17,0,-0.27,0,268.1827154,0,0,0,0,0,111.4802755,0,21.5742147,111.4802755,76.07416785,281.0187336,0.5
295,7.5,0.12,-0.17,0,0.12,0,0,-0.17,0,382.1255061,109.3953583,218.7907166,218.7907166,21.5742147,0,0,109.3953583,0,0,54.84795567,361.764733,1
296,0.9,0,0,0,-0.17,0,0,-0.15,0,220.1827154,64.9564121,86.53062679,86.53062679,0,0,0,21.5742147,0,0,84.57992612,243.0006285,0.5
297,2,0,0,0.07,0,-0.17,-0.12,-0.27,0,246.1983655,0,0,0,0,36.23374097,109.6959113,0,21.5742147,73.46217037,76.07416785,274.95614,0.5
298,2.5,-0.09,0,0,-0.09,0,0,0,0,272.1565006,94.18429025,188.3685805,188.3685805,0,0,0,94.18429025,0,0,20.25598522,279.4546413,1
299,2,0.26,-0.17,0,0.26,0,0,-0.17,0,376.1423071,102.8290606,205.6581212,205.6581212,21.5742147,0,0,102.8290606,0,0,54.84795567,348.6321376,1
300,1.5,-0.09,0,0,-0.09,0,0,0,0,272.1565006,94.18429025,188.3685805,188.3685805,0,0,0,94.18429025,0,0,20.25598522,279.4546413,1
301,3.5,-0.09,0,0,-0.09,0,0,0,0,272.1565006,94.18429025,188.3685805,188.3685805,0,0,0,94.18429025,0,0,20.25598522,279.4546413,1
302,2,-0.09,0,0,-0.09,0,0,0,0,272.1565006,94.18429025,188.3685805,188.3685805,0,0,0,94.18429025,0,0,20.25598522,279.4546413,1
303,1.5,0,0,0,-0.17,0,0,-0.15,0,220.1827154,64.9564121,86.53062679,86.53062679,0,0,0,21.5742147,0,0,84.57992612,243.0006285,0.5
304,99,0,0,0,0,-0.17,0,-0.27,0,268.1827154,0,0,0,0,0,111.4802755,0,21.5742147,111.4802755,76.07416785,281.0187336,0.5
305,3.6,0,0,0,-0.17,0,0,-0.15,1,220.1827154,64.9564121,86.53062679,86.53062679,0,0,0,21.5742147,0,0,84.57992612,243.0006285,0.5
306,1,0,0,0,-0.17,0,0,-0.15,0,220.1827154,64.9564121,86.53062679,86.53062679,0,0,0,21.5742147,0,0,84.57992612,243.0006285,0.5
307,97.5,0,0,0,-0.17,0,0,-0.15,1,220.1827154,64.9564121,86.53062679,86.53062679,0,0,0,21.5742147,0,0,84.57992612,243.0006285,0.5
308,96,0,0,0,-0.17,0,0,-0.15,1,220.1827154,64.9564121,86.53062679,86.53062679,0,0,0,21.5742147,0,0,84.57992612,243.0006285,0.5
309,97,0,0,0,-0.17,0,0,-0.15,1,220.1827154,64.9564121,86.53062679,86.53062679,0,0,0,21.5742147,0,0,84.57992612,243.0006285,0.5
310,1,0,0,0,-0.17,0,0,-0.15,0,220.1827154,64.9564121,86.53062679,86.53062679,0,0,0,21.5742147,0,0,84.57992612,243.0006285,0.5
311,1.5,-0.09,0,0,-0.09,0,0,0,0,272.1565006,94.18429025,188.3685805,188.3685805,0,0,0,94.18429025,0,0,20.25598522,279.4546413,1
312,96.5,0,0,0,0,-0.17,0,-0.27,0,268.1827154,0,0,0,0,0,111.4802755,0,21.5742147,111.4802755,76.07416785,281.0187336,0.5
313,1.5,0,0,0,-0.17,0,0,-0.15,0,220.1827154,64.9564121,86.53062679,86.53062679,0,0,0,21.5742147,0,0,84.57992612,243.0006285,0.5
314,87.5,0,0,0,0,-0.17,0,-0.27,0,268.1827154,0,0,0,0,0,111.4802755,0,21.5742147,111.4802755,76.07416785,281.0187336,0.5
315,2.5,0,0,0,-0.17,0,0,-0.15,0,220.1827154,64.9564121,86.53062679,86.53062679,0,0,0,21.5742147,0,0,84.57992612,243.0006285,0.5
316,2,-0.09,0,0,-0.09,0,0,0,0,272.1565006,94.18429025,188.3685805,188.3685805,0,0,0,94.18429025,0,0,20.25598522,279.4546413,1
317,91,0,0,-0.15,0,0,-0.15,0,0,256.2191009,0,0,0,0,95.69768187,191.3953637,0,0,95.69768187,20.25598522,282.4814245,0
318,4,0,0,0,0,0,0,0,0,248.2140155,168.7323234,168.7323234,168.7323234,0,0,0,0,0,0,32.69197045,277.5925989,0.5
319,5,0.44,0,0,-0.17,0,0,-0.15,1,332.17763,149.7828493,171.357064,171.357064,0,0,0,21.5742147,0,0,84.57992612,327.8270656,0.5
320,98,0.44,0,0,-0.17,0,0,-0.15,1,332.17763,149.7828493,171.357064,171.357064,0,0,0,21.5742147,0,0,84.57992612,327.8270656,0.5
321,2,-0.09,0,0,-0.09,0,0,0,0,272.1565006,94.18429025,188.3685805,188.3685805,0,0,0,94.18429025,0,0,20.25598522,279.4546413,1
322,0.3,0,0,0,-0.17,0,0,-0.15,0,220.1827154,64.9564121,86.53062679,86.53062679,0,0,0,21.5742147,0,0,84.57992612,243.0006285,0.5
323,6.5,0.36,0,0,-0.17,0,0,-0.15,1,289.2405646,142.5006546,164.0748693,164.0748693,0,0,0,21.5742147,0,0,84.57992612,320.544871,0.5
324,2.5,0.36,0,0,-0.17,0,0,-0.15,1,287.2249145,130.1441957,151.7184104,151.7184104,0,0,0,21.5742147,0,0,84.57992612,308.1884121,0.5
325,5,0.36,0,0,-0.17,0,0,-0.15,1,295.1936144,128.6308041,150.2050188,150.2050188,0,0,0,21.5742147,0,0,84.57992612,306.6750204,0.5
326,4.5,0.36,0,0,-0.17,0,0,-0.15,1,385.2405646,218.5368649,240.1110795,240.1110795,0,0,0,21.5742147,0,0,84.57992612,396.5810812,0.5
327,2.5,0.36,0,0,-0.17,0,0,-0.15,1,385.2405646,218.5368649,240.1110795,240.1110795,0,0,0,21.5742147,0,0,84.57992612,396.5810812,0.5
328,2.5,0.36,0,0,-0.17,0,0,-0.15,1,385.2405646,218.5368649,240.1110795,240.1110795,0,0,0,21.5742147,0,0,84.57992612,396.5810812,0.5
329,4,0.36,0,0,-0.17,0,0,-0.15,1,385.2405646,218.5368649,240.1110795,240.1110795,0,0,0,21.5742147,0,0,84.57992612,396.5810812,0.5
330,3.5,0.36,0,0,-0.17,0,0,-0.15,1,385.2405646,218.5368649,240.1110795,240.1110795,0,0,0,21.5742147,0,0,84.57992612,396.5810812,0.5
331,6.5,0.36,0,0,-0.17,0,0,-0.15,1,385.2405646,218.5368649,240.1110795,240.1110795,0,0,0,21.5742147,0,0,84.57992612,396.5810812,0.5
332,3,0.36,0,0,-0.17,0,0,-0.15,1,385.2405646,218.5368649,240.1110795,240.1110795,0,0,0,21.5742147,0,0,84.57992612,396.5810812,0.5
333,1,0.36,0,0,-0.17,0,0,-0.15,1,380.2827638,216.3874908,237.9617055,237.9617055,0,0,0,21.5742147,0,0,84.57992612,394.4317072,0.5
334,1.5,0.36,0,0,-0.17,0,0,-0.15,1,380.2827638,216.3874908,237.9617055,237.9617055,0,0,0,21.5742147,0,0,84.57992612,394.4317072,0.5
335,3.5,0.36,0,0,-0.17,0,0,-0.15,1,380.2827638,216.3874908,237.9617055,237.9617055,0,0,0,21.5742147,0,0,84.57992612,394.4317072,0.5
336,3.5,0.36,0,0,-0.17,0,0,-0.15,1,380.2827638,216.3874908,237.9617055,237.9617055,0,0,0,21.5742147,0,0,84.57992612,394.4317072,0.5
337,2.5,0.36,0,0,-0.17,0,0,-0.15,1,380.2827638,216.3874908,237.9617055,237.9617055,0,0,0,21.5742147,0,0,84.57992612,394.4317072,0.5
338,3.25,0.36,0,0,-0.17,0,0,-0.15,1,380.2827638,216.3874908,237.9617055,237.9617055,0,0,0,21.5742147,0,0,84.57992612,394.4317072,0.5
339,5,0.36,0,0,-0.17,0,0,-0.15,1,380.2827638,216.3874908,237.9617055,237.9617055,0,0,0,21.5742147,0,0,84.57992612,394.4317072,0.5
340,2,0.36,0,0,-0.17,0,0,-0.15,1,380.2827638,216.3874908,237.9617055,237.9617055,0,0,0,21.5742147,0,0,84.57992612,394.4317072,0.5
341,15,0.36,0,0,-0.17,0,0,-0.15,1,275.188529,104.3424522,125.9166669,125.9166669,0,0,0,21.5742147,0,0,84.57992612,282.3866686,0.5
342,0.3,0,0,0,-0.17,0,0,-0.15,0,220.1827154,64.9564121,86.53062679,86.53062679,0,0,0,21.5742147,0,0,84.57992612,243.0006285,0.5